FSREQLAT, 40, 	"delete(root/wskcbi)"
FSREQLAT, 40, 	"readdir(root/eewclm)"
FSREQLAT, 22, 	"access(root/wskcbi, 228)"
FSREQLAT, 100, 	"mkdir(fddfnuzs, root/eewclm, 156)"
FSREQLAT, 36, 	"access(root/wskcbi, 142)"
FSREQLAT, 42, 	"search(root/eewclm, wskcbi)"
FSREQLAT, 30, 	"search(root/eewclm, wskcbi)"
FSREQLAT, 36, 	"search(root/eewclm, wskcbi)"
FSREQLAT, 20, 	"open(root/wskcbi,76)"
FSREQLAT, 25, 	"access(root/wskcbi, 178)"
FSREQLAT, 20, 	"open(root/wskcbi,6)"
FSREQLAT, 228, 	"mkdir(ypbgf, root/eewclm, 63)"
FSREQLAT, 16, 	"access(root/wskcbi, 207)"
FSREQLAT, 42, 	"search(root/eewclm, mtupyuwq)"
FSREQLAT, 38, 	"readdir(root/eewclm)"
FSREQLAT, 60, 	"search(root/eewclm, qkz)"
FSREQLAT, 38, 	"readdir(root/eewclm)"
FSREQLAT, 49, 	"search(root/eewclm, wskcbi)"
FSREQLAT, 60, 	"search(root/eewclm, jy)"
FSREQLAT, 41, 	"rmdir(root/eewclm)"
FSREQLAT, 14, 	"mkdir(hx, root/eewclm, 171)"
FSREQLAT, 20, 	"open(root/wskcbi,89)"
FSREQLAT, 34, 	"rmdir(root/eewclm)"
FSREQLAT, 9, 	"readdir(root/eewclm)"
FSREQLAT, 8, 	"mkdir(wqvvarxsi, root/eewclm, 142)"
FSREQLAT, 6, 	"search(root/eewclm, hnesgdy)"
FSREQLAT, 5, 	"readdir(root/eewclm)"
FSREQLAT, 8, 	"mkdir(k, root/eewclm, 157)"
FSREQLAT, 8, 	"readdir(root/eewclm)"
FSREQLAT, 7, 	"mkdir(i, root/eewclm, 139)"
FSREQLAT, 14, 	"open(root/wskcbi,208)"
FSREQLAT, 5, 	"search(root/eewclm, wskcbi)"
FSREQLAT, 5, 	"readdir(root/eewclm)"
FSREQLAT, 6, 	"readdir(root/eewclm)"
FSREQLAT, 7, 	"open(root/wskcbi,4)"
FSREQLAT, 7, 	"mkdir(e, root/eewclm, 207)"
FSREQLAT, 6, 	"readdir(root/eewclm)"
FSREQLAT, 8, 	"open(root/wskcbi,51)"
FSREQLAT, 5, 	"mkdir(qtxpqd, root/eewclm, 46)"
FSREQLAT, 5, 	"access(root/wskcbi, 171)"
FSREQLAT, 5, 	"readdir(root/eewclm)"
FSREQLAT, 6, 	"open(root/wskcbi,111)"
FSREQLAT, 5, 	"mkdir(o, root/eewclm, 37)"
FSREQLAT, 6, 	"readdir(root/eewclm)"
FSREQLAT, 11, 	"readdir(root/eewclm)"
FSREQLAT, 5, 	"open(root/wskcbi,135)"
FSREQLAT, 5, 	"search(root/eewclm, wskcbi)"
FSREQLAT, 3, 	"open(root/wskcbi,207)"
FSREQLAT, 3, 	"mkdir(jyicyykk, root/eewclm, 95)"
